cars,Model,Volume,Weight,CO2,price
Toyoty,Aygo,1000,790,99,10000
Mitsubishi,Space Star,1200,1160,95,20000
Skoda,Citigo,1000,929,95,15000
Fiat,500,900,865,90,11000
Mini,Cooper,1500,1140,105,20000
VW,Up!,1000,929,105,30000
Skoda,Fabia,1400,1109,90,41000
Mercedes,A-Class,1500,1365,92,100
Ford,Fiesta,1500,1112,98,50000
Audi,A1,1600,1150,99,60000
Hyundai,I20,1100,980,99,70000
Suzuki,Swift,1300,990,101,25000
Ford,Fiesta,1000,1112,99,11000
Honda,Civic,1600,1252,94,27000
Hundai,I30,1600,1326,97,100
Opel,Astra,1600,1330,97,111000
BMW,1,1600,1365,99,11000
Mazda,3,2200,1280,104,11000